{"name":"a2c2bfa5-e4f4-4de9-81d3-895e506a2a79","id":"/providers/Microsoft.Flow/flows/a2c2bfa5-e4f4-4de9-81d3-895e506a2a79","type":"Microsoft.Flow/flows","properties":{"apiId":"/providers/Microsoft.PowerApps/apis/shared_logicflows","displayName":"Getting requests and storing it into SQL Server","definition":{"metadata":{"workflowEntityId":null,"creator":{"id":"1d810c7e-d50b-4a32-9807-9d9ef50dca1d","type":"User","tenantId":"72f988bf-86f1-41af-91ab-2d7cd011db47"},"provisioningMethod":"FromDefinition","failureAlertSubscription":true,"clientLastModifiedTime":"2018-09-27T05:01:22.7309577Z"},"$schema":"https://schema.management.azure.com/providers/Microsoft.Logic/schemas/2016-06-01/workflowdefinition.json#","contentVersion":"1.0.0.0","parameters":{"$connections":{"defaultValue":{},"type":"Object"},"$authentication":{"defaultValue":{},"type":"SecureObject"}},"triggers":{"When_a_new_response_is_submitted":{"metadata":{"flowSystemMetadata":{"swaggerOperationId":"CreateFormWebhook"}},"type":"ApiConnectionWebhook","inputs":{"host":{"api":{"runtimeUrl":"https://firstrelease-001.azure-apim.net/apim/microsoftforms"},"connection":{"name":"@parameters('$connections')['shared_microsoftforms']['connectionId']"}},"body":{"eventType":"responseAdded","notificationUrl":"@{listCallbackUrl()}","source":"ms-connector"},"path":"/formapi/api/forms/@{encodeURIComponent('v4j5cvGGr0GRqy180BHbR34MgR0L1TJKmAednvUNyh1URDA5NFQ2WlRKM0dOS1dQSkJXMjMzNkxQUy4u')}/webhooks","authentication":"@parameters('$authentication')"}}},"actions":{"Apply_to_each":{"foreach":"@triggerBody()?['value']","actions":{"Get_response_details":{"runAfter":{},"metadata":{"flowSystemMetadata":{"swaggerOperationId":"GetFormResponseById"}},"type":"ApiConnection","inputs":{"host":{"api":{"runtimeUrl":"https://firstrelease-001.azure-apim.net/apim/microsoftforms"},"connection":{"name":"@parameters('$connections')['shared_microsoftforms']['connectionId']"}},"method":"get","path":"/formapi/api/forms('@{encodeURIComponent('v4j5cvGGr0GRqy180BHbR34MgR0L1TJKmAednvUNyh1URDA5NFQ2WlRKM0dOS1dQSkJXMjMzNkxQUy4u')}')/responses","queries":{"response_id":"@items('Apply_to_each')?['resourceData']?['responseId']"},"authentication":"@parameters('$authentication')"}},"Insert_row":{"runAfter":{"Get_response_details":["Succeeded"]},"metadata":{"flowSystemMetadata":{"swaggerOperationId":"PostItem"}},"type":"ApiConnection","inputs":{"host":{"api":{"runtimeUrl":"https://firstrelease-001.azure-apim.net/apim/sql"},"connection":{"name":"@parameters('$connections')['shared_sql']['connectionId']"}},"method":"post","body":{"RequestDate":"@body('Get_response_details')?['r17c349da3efc4133be05b546731cd5ac']","Department":"@body('Get_response_details')?['rb23838e072a543488a367e15173f9489']","ManagerEmail":"@body('Get_response_details')?['r70706b4056344b80803a4fde588c7b22']","Template":"@body('Get_response_details')?['r0638afc0578b42f3b86c824bd3788f22']","Purpose":"@body('Get_response_details')?['r6377915bf6a24e38af9109dea07e33f1']","Nome":"@body('Get_response_details')?['responder']","Date":"@body('Get_response_details')?['submitDate']"},"path":"/datasets/default/tables/@{encodeURIComponent(encodeURIComponent('[dbo].[Requests]'))}/items","authentication":"@parameters('$authentication')"}}},"runAfter":{},"type":"Foreach"}},"outputs":{}},"connectionReferences":{"shared_microsoftforms":{"connectionName":"shared-microsoftform-48f1057f-aa55-48e1-b73b-92536f7a62d6","source":"Embedded","id":"/providers/Microsoft.PowerApps/apis/shared_microsoftforms","tier":"NotSpecified"},"shared_sql":{"connectionName":"shared-sql-1abd23b5-22b6-445f-90e9-412883ff28d4","source":"Embedded","id":"/providers/Microsoft.PowerApps/apis/shared_sql","tier":"NotSpecified"}},"flowFailureAlertSubscribed":false}}