{"name":"2980c913-fbfe-4a00-881a-2f2149df14ad","id":"/providers/Microsoft.Flow/flows/2980c913-fbfe-4a00-881a-2f2149df14ad","type":"Microsoft.Flow/flows","properties":{"apiId":"/providers/Microsoft.PowerApps/apis/shared_logicflows","displayName":"Notifies the IT's admin about a new request","definition":{"metadata":{"workflowEntityId":null,"creator":{"id":"1d810c7e-d50b-4a32-9807-9d9ef50dca1d","type":"User","tenantId":"72f988bf-86f1-41af-91ab-2d7cd011db47"},"provisioningMethod":"FromDefinition","failureAlertSubscription":true,"clientLastModifiedTime":"2018-09-28T15:59:11.0731739Z"},"$schema":"https://schema.management.azure.com/providers/Microsoft.Logic/schemas/2016-06-01/workflowdefinition.json#","contentVersion":"1.0.0.0","parameters":{"$connections":{"defaultValue":{},"type":"Object"},"$authentication":{"defaultValue":{},"type":"SecureObject"}},"triggers":{"When_an_item_is_created":{"recurrence":{"interval":1,"frequency":"Minute"},"splitOn":"@triggerBody()?['value']","metadata":{"flowSystemMetadata":{"swaggerOperationId":"GetOnNewItems"}},"type":"ApiConnection","inputs":{"host":{"api":{"runtimeUrl":"https://firstrelease-001.azure-apim.net/apim/sql"},"connection":{"name":"@parameters('$connections')['shared_sql']['connectionId']"}},"method":"get","path":"/datasets/default/tables/@{encodeURIComponent(encodeURIComponent('[dbo].[Requests]'))}/onnewitems","authentication":"@parameters('$authentication')"}}},"actions":{"Send_an_email":{"runAfter":{},"metadata":{"flowSystemMetadata":{"swaggerOperationId":"SendEmail"}},"type":"ApiConnection","inputs":{"host":{"api":{"runtimeUrl":"https://firstrelease-001.azure-apim.net/apim/office365"},"connection":{"name":"@parameters('$connections')['shared_office365']['connectionId']"}},"method":"post","body":{"To":"fabsanc@microsoft.com","Subject":"New Azure Environment request","Body":"<p>Hi Azure Admin,</p>\n<p>A new IT's customer requested the creation of a new environment on Azure. The data regarding the request follows down.</p>\n<p>\n<table style=\"text-align: left; padding: 2px;\">\n<tr>\n<td>Request date:</td>\n<td>@{triggerBody()?['Date']}</td>\n</tr>\n<tr>\n<td>Requestor's email:</td>\n<td>@{triggerBody()?['Nome']}</td>\n</tr>\n<tr>\n<td>Requestor's department:</td>\n<td>@{triggerBody()?['Department']}</td>\n</tr>\n<tr>\n<td>Requestor's manager email:</td>\n<td>@{triggerBody()?['ManagerEmail']}</td>\n</tr>\n<tr>\n<td>Requestor's purpose:</td>\n<td>@{triggerBody()?['Purpose']}</td>\n</tr>\n<tr>\n<td>Template selected:</td>\n<td>@{triggerBody()?['Template']}</td>\n</tr>\n</table>\n</p>\n<hr style=\"border: 1px;\" />\n<p>\nThe templates available today to be deployed on Azure from here are the listed below. Deploy one of those now?\n</p>\n<p>\n<table style=\"padding:2px;\">\n<tr>\n<td>Linux-based Web App with MySQL</td>\n<td>\n<a href=\"https://portal.azure.com/#create/Microsoft.Template/uri/https%3A%2F%2Fraw.githubusercontent.com%2FAzureForEducation%2Fdemo-itmarketplace%2Fmaster%2Ftemplates%2Fpackage1-webapp-linux-mysql%2Fazuredeploy.json\" target=\"_blank\">\n<img src=\"http://azuredeploy.net/deploybutton.png\"/>\n</a>\n</td>\n</tr>\n<tr>\n<td>Wordpress site with Container Instance (ACI)</td>\n<td>\n<a href=\"https://portal.azure.com/#create/Microsoft.Template/uri/https%3A%2F%2Fraw.githubusercontent.com%2FAzureForEducation%2Fdemo-itmarketplace%2Fmaster%2Ftemplates%2Fpackage2-aci-wordpress%2Fazuredeploy.json\" target=\"_blank\">\n<img src=\"http://azuredeploy.net/deploybutton.png\"/>\n</a>\n</td>\n</tr>\n\n\n<tr>\n<td>Minecraft Server on Ubuntu</td>\n<td>\n<a href=\"https://portal.azure.com/#create/Microsoft.Template/uri/https%3A%2F%2Fraw.githubusercontent.com%2FAzureForEducation%2Fdemo-itmarketplace%2Fmaster%2Ftemplates%2Fpackage3-minecraft-on-ubuntu%2Fazuredeploy.json\" target=\"_blank\">\n<img src=\"http://azuredeploy.net/deploybutton.png\"/>\n</a>\n</td>\n</tr>\n</table>\n</p>\n<p>\nSincerely,<br />\nIT Marketplace Team\n</p>","Importance":"High","IsHtml":true},"path":"/Mail","authentication":"@parameters('$authentication')"}}},"outputs":{}},"connectionReferences":{"shared_office365":{"connectionName":"shared-office365-fb1d00cc-2bf9-4c30-91f5-869a2de9f6bf","source":"Embedded","id":"/providers/Microsoft.PowerApps/apis/shared_office365","tier":"NotSpecified"},"shared_sql":{"connectionName":"shared-sql-1abd23b5-22b6-445f-90e9-412883ff28d4","source":"Embedded","id":"/providers/Microsoft.PowerApps/apis/shared_sql","tier":"NotSpecified"}},"flowFailureAlertSubscribed":false}}